                  epoch,         train/box_loss,         train/cls_loss,         train/dfl_loss,   metrics/precision(B),      metrics/recall(B),       metrics/mAP50(B),    metrics/mAP50-95(B),           val/box_loss,           val/cls_loss,           val/dfl_loss,                 lr/pg0,                 lr/pg1,                 lr/pg2
                      1,                 1.4041,                 5.6964,                 1.6145,                      1,                0.80734,                0.93729,                0.56169,                 1.1837,                 1.0093,                 1.4156,                1.7e-05,                1.7e-05,                1.7e-05
                      2,                 1.6356,                 5.3692,                 1.8379,                0.99959,                   0.75,                  0.903,                0.58107,                 1.1624,                  1.024,                 1.4145,             1.3634e-05,             1.3634e-05,             1.3634e-05
                      3,                 1.6577,                 4.8605,                 1.7248,                0.99959,                   0.75,                  0.903,                0.58107,                 1.1624,                  1.024,                 1.4145,             1.0268e-05,             1.0268e-05,             1.0268e-05
                      4,                 1.5859,                 5.5585,                 1.9369,                0.99404,                   0.75,                0.88266,                0.60236,                 1.0923,                 1.0077,                  1.399,              6.902e-06,              6.902e-06,              6.902e-06
                      5,                 1.6207,                 4.9114,                 1.8265,                0.99404,                   0.75,                0.88266,                0.60236,                 1.0923,                 1.0077,                  1.399,              3.536e-06,              3.536e-06,              3.536e-06
